01/2024,02/2024,03/2024,04/2024,05/2024,06/2024,07/2024,08/2024,09/2024,10/2024,11/2024,12/2024,01/2025,02/2025,03/2025,04/2025,05/2025,06/2025,07/2025,08/2025,09/2025,10/2025,11/2025,12/2025,01/2026,02/2026,03/2026,KWH_TOTAL,KWH_AVG_MONTHLY,CONS_NO,FLAG
955.16,875.49,855.25,619.54,663.41,711.21,962.21,880.31,742.97,687.73,792.56,1069.52,957.2,880.66,776.31,601.9,527.73,739.51,838.43,838.36,682.33,686.33,783.27,1066.59,1042.27,975.3,914.26,22125.8,819.47,7A9FFA98EB0949374BCCFB0AF641513F,0
1760.17,2102.56,1586.86,1605.53,1153.62,1386.21,1835.28,1760.63,1432.93,1276.29,1464.07,2135.29,2057.09,1850.31,1717.82,1367.53,1276.94,1316.17,1725.62,1924.1,1355.67,1304.78,1457.05,1750.26,1825.9,2070.09,1792.97,44291.7,1640.43,CDCFDDF40BD8D7B309B8B79A800D1FE2,0
1422.89,1354.44,1154.61,1180.54,1016.6,1134.6,1765.31,1273.49,1139.54,950.8,1308.95,1407.59,1401.58,1482.22,1271.25,1027.27,1085.69,1231.72,1200.74,1407.52,1220.96,1198.18,1151.89,1372.69,1461.84,1421.79,1623.09,34667.8,1283.99,8002DE62A26369F508633A9AEF0F1B8D,0
1237.5,1149.34,1165.41,881.83,813.32,940.97,1256.03,1262.97,1042.97,995.59,1265.83,1406.82,1231.4,1216.48,981.71,885.57,833.31,1013.44,1183.57,1184.22,988.61,1059.62,1029.62,1284.29,1359.13,1118.63,1019.54,29807.7,1103.99,763D586CA4EB639C26E3DE9AE83A205D,0
629.48,665.45,514.37,439.45,393.88,499.61,705.97,560.86,512.85,465.13,549.79,584.46,569.47,567.98,560.05,436.58,392,547.68,529.2,599.49,477.92,411.38,561.49,577.74,680.67,612.55,546.36,14591.9,540.44,0C2942353CF0166B60F21A7E795C743A,0
650.63,647.56,580.72,433.73,367.51,462.65,603.91,555.22,492.73,458.95,525.09,634.88,589.52,628.99,553.8,430.06,447.42,402.75,476.03,681.03,537.33,438.49,492.29,635.33,622.06,619.44,446.64,14414.8,533.88,2DEAAB4EC272C4C2094A002E2AF3576C,0
491.25,485.2,399,378.15,291.04,375.46,440.7,468.78,358.64,373.84,397.18,470.74,482.96,482.46,443.68,322.97,285.45,434.41,462.87,447.52,360.52,337.96,374.69,409.1,521.56,488.8,424.67,11209.6,415.17,12BF2ABD880EB5BA141BAD1ACEA027C1,0
1856.46,1758.42,1464.3,1255.33,1015.39,1322.41,1559.31,1860.71,1407.2,1296.62,1289.1,1406.53,1810.04,1626.04,1514.56,1082.02,1014.32,1396.41,1818.32,1751.32,1235.59,1128.53,1282.55,1656.91,1943.58,1688.64,1408.74,39849.3,1475.9,154DF609B5A7DC36A2BFBE5CE65693BB,0
1329.12,1275.42,1274.73,1006.12,800.36,1017.94,1373.63,1370.47,1025.35,969.69,1202.85,1372.8,1429.86,1217.44,1074.12,910.95,917.29,954.91,1336.35,1350.93,953.21,965.42,1237.52,1229.13,1230.41,1353.8,1296.35,31476.2,1165.78,886616F4DFDCE3BC608B1AA721B66999,0
1668.39,3920.76,1505.62,1064.37,1059.61,1200.83,1560.69,1256.55,1128.47,851.52,1256.78,1511.74,3966.69,4934.44,1393.12,1092.91,977.94,1217.2,1454.87,1488.08,1350.41,1014.9,1308.63,187.45,1394.53,1725.07,1186.29,42677.9,1580.66,CAF02DED3E55BF3950B6C6A294EB6998,1
374.62,464.76,322.35,264.7,321.95,330.66,361.95,386.29,354.42,297.63,329.36,423.58,433.06,371.61,343.17,258.76,270.92,320.91,401.92,379.72,263.97,302.55,368.56,359.97,455.76,377.03,369.84,9510.02,352.22,45EC766AAFE4E90E3DE01C8CB3E2A875,0
1897.8,1889.09,1460.8,1245.8,1213.99,1446.03,1565.12,1597.57,1227.84,1342.42,1609.58,2161.12,1848.57,1984.81,1670.65,1380.45,1159.55,1615.01,1485.77,1978.03,1303.83,1240.23,1547.25,1898.14,1791.97,1920.01,1391.01,42872.4,1587.87,6E0939E7DD5CB8D52178E743BEAF8F06,0
10,1635.36,1424.06,1011.97,3872.74,19.66,1474.86,1606.22,1240.47,1246.38,1547.52,50.98,1773.86,1650.07,4159.32,112.36,181.09,1392.27,199.03,1542.04,10,1190.45,1252.09,4814.64,10,1337.68,1491.78,36256.9,1342.85,0FCC2E4EF71C2E05717C10AE564DF042,1
2580.77,698.1,566.34,475.16,478.34,593.08,10,46.65,528.11,531.2,634.97,119.42,70.45,39.69,1712.04,65.58,584.21,10,710.79,675.67,1525.78,425.11,105.11,2026.61,90.71,566,600.79,16470.7,610.03,448D20914F21329D4572FDBFA670005C,1
2345.72,621.55,1977.75,498.75,450.45,1814.69,2200.97,617.62,456.18,462.41,486.52,1874.34,159.56,522.07,729.42,447.6,429.04,541.09,658.98,655.27,553.52,490.2,539.23,719.59,23.66,579.59,2048.99,22904.8,848.32,C5CD0847D9E7271FA4ED247B9D0B1208,1
714.74,579.55,523.6,433.01,432.15,523.83,637.12,603.54,556.79,513.84,581.28,564.27,737.1,648.54,505.12,421.27,470.47,546.12,721.79,682.17,519.83,507.7,553.65,790.82,604.95,630.34,532.79,15536.4,575.42,C0E440E35D33F191D7F0F357EDF1A4A7,0
906.54,834.31,767.54,656.28,543.61,644.29,812.83,776.65,627.36,584.81,841.24,775.53,870.48,765.1,688.81,632.15,555.7,614.57,746.94,803.68,675.03,593.04,657.58,930.91,854.82,840.07,781.33,19781.2,732.64,9DD3F5C779F72D202965B37CE0BE5A25,0
1020.64,1052.79,1084.66,881.75,935.56,879.85,908.17,1148.16,993.26,773.71,1111.04,954.19,1200.44,1156.42,1042.47,893.98,787.89,1036.42,1145.18,1200.33,851.24,853.65,1147.8,1213.62,1086.85,1093.47,986.37,27439.9,1016.29,D18733AE9BCC3BE77946F1E32A82049F,0
1092.46,1059.37,861.96,699.39,625.02,815.29,926.71,985.14,854.24,807.83,867.95,1145.76,1108.4,1126.9,777.4,752.04,675.15,788.21,958.08,938.61,909.36,774.95,909.64,1083.32,1006.72,1059.8,857.12,24466.8,906.18,4FC38092734B391849238DD17621DD9B,0
847.73,716.9,681.51,575.94,493.35,632.33,770.51,886.68,601.54,613.47,787.63,1003.97,862.64,852.81,690.27,567.67,470.96,646.02,794.46,809.36,635.43,531.32,680.72,916.88,835.58,857.8,724.08,19487.6,721.76,93A075E6B9593F95A0BC2CB16F7B720F,0
84.17,1322.76,1112.61,3233.27,995.48,53.69,1152.32,90.31,208.6,896.68,3987.92,3796.6,1372.23,1315.52,1250.92,966.05,991.24,1006.7,1170.19,3652.8,2973.82,229.92,69.68,1368.62,1279.17,4452.13,278.16,39311.6,1455.98,6094B4329D98A9CF95AF8C535696B84C,1
2103.52,575.49,419.45,17.83,374.9,1677.27,554.61,587.44,517.8,1165.78,549.2,621.64,558.05,522.26,435.32,1222.77,376.98,88.49,636.71,590.28,111.63,479.03,547.34,651.55,490.36,2033.74,464.8,18374.2,680.53,7E7E3BA4E2B3195406039FE108042A26,1
754.98,802.55,809.8,527.67,596.59,677.56,893.83,794.74,699.99,640.16,737.39,878.23,808.84,873.96,743.52,601.62,623.54,632.07,888.68,872.5,626.63,581.61,700.48,867.45,691.89,713.02,709.9,19749.2,731.45,ACFA3E1597968B369C24396C639A506D,0
836.78,1062.17,797.38,607.12,598.79,702.67,950.38,954.21,651.77,635.15,740.78,1171.58,957.75,900.47,856.39,663.08,605.22,823.68,892.83,932.36,683.27,495.91,724.87,976.45,1125.74,943.2,709.74,21999.7,814.81,130C9992F8CA46F277171A85FCBA455F,0
1000.33,1184.35,975,795.36,732.72,898.25,1038.55,1101.43,674.17,773.6,990.83,1134.72,1130.26,1130.06,964.92,764.55,725.86,851.89,1106.02,1166.17,844.62,804.2,884.26,989.55,1210.85,1032.1,875.31,25779.9,954.81,F6CBB49A70A2FB35B69C0A2CAA92D7A3,0
1794.4,1443.51,1400.46,996.47,1220.25,1339.29,1405.55,1391.73,1335.06,1043.24,1336.71,1591.56,1825.32,1715.1,1271.88,1050.15,1150.55,1099.98,1495.22,1447.63,1235.99,1089.85,1277.09,1651.94,1569.79,1687.2,1352.58,37218.5,1378.46,974A73AE2837B63BB071C967562CD04B,0
2407.23,631.79,235.24,93.13,484.05,50.92,602.26,736.54,480.6,1785.8,594.87,657.77,710.55,88.94,576.26,476.7,433.85,520.64,667.94,703.84,34.38,1307.44,1625.66,58.54,1916.9,92.85,559.62,18534.3,686.46,481C613D4B299849E79779E80D1702CE,1
1094.25,1038.87,1099.14,779.79,859.72,914.03,957.32,1118.75,900.59,805.83,905.23,1173.67,1154.55,1215.67,890.84,764.35,839.59,1036.88,1093.33,1164.67,851.42,886.29,1009.3,1131.33,1230.66,1092.5,959.57,26968.1,998.82,360B05D0D913999471115CF01B8088E0,0
1428.04,1205.58,3009.51,971.84,916.85,2860.21,1214.72,1137.88,1108.58,3237.78,1103.62,1280.63,4601.57,1301.68,2941.57,3137.55,791.33,1029.82,4160.55,1456.65,2819.25,2453.03,1222.4,1525.68,205.99,1330.62,3804.34,52257.3,1935.45,CA831C31D47D9414DD4F577C719DAD30,1
501.45,391.6,339.38,260.72,335.47,340.78,423.69,420.03,346.73,294.72,381.23,433.01,486.65,412.59,444.18,363.75,259.25,344.85,459.74,473.49,376.79,300.75,409.27,411.81,523.55,415.96,397.53,10549,390.7,1787F30140914E0A8255C22766210ECE,0
1434.63,1373.98,1115.03,830.57,893.38,992.07,1095.93,1368.94,981.59,1002.02,1082.09,1335.78,1365.08,1396.95,1050.56,939.01,952.99,1230.7,1176.69,1116.02,1016.02,1024.85,1179.25,1397.72,1429.66,1300.71,959.47,31041.7,1149.69,CBA4BDE749A9CC29F1D46F9F7703673C,0
624.33,669.56,552.97,407.11,454.14,550.12,578.78,602.51,400.03,475.7,597.03,712.5,710.91,561.72,496.02,428.69,491.87,457.14,565,582.34,503.59,462.4,550.74,613.49,631.45,681.05,500.89,14862.1,550.45,36642453CEE38AA6B1D5FB94531E1A88,0
503.45,493.55,380.56,331.11,314.07,360.89,469.39,541.37,361.54,361.44,387.28,475.79,434.54,531.1,409.57,386.68,314.8,345.5,431.61,467.94,391.18,382.68,491.47,520.88,535.27,420.02,428.5,11472.2,424.9,1462FBEBE733ECE9A2349C705A2E3459,0
1908.74,1903.8,1499.68,1467.68,1234.8,1522.82,1685.03,1679.18,1483.75,1237.7,1727.15,1772.57,1744.17,1688.78,1699.21,1307.15,1189.84,1305.18,1651.93,1811.76,1515.99,1182.19,1695.08,2012.2,1579.24,1821.02,1804.16,43130.8,1597.44,DB4A95E19BED6D7D3FB25E80D9C98988,0
1900.02,1662.37,1505.38,1285.62,1209.16,1537.92,1481.82,1858.38,1286.17,1226.95,1603.47,1687.38,1993.45,1851.5,1588.26,1397.03,1150.84,1424.23,1673.73,1658.58,1330.5,1267.05,1678.29,1857.82,2068.01,1663.37,1575.74,42423,1571.22,D7D6F8164601B4DAC1A82F93B76E9871,0
1766.27,1684.33,1357.88,1005.62,1089.56,1265.2,1443.9,1488.28,1288.71,1142.76,1430.97,1405.68,1555.3,1568.77,1565.99,1336.1,1035.54,1381.78,1625.7,1893.9,1187.57,922.88,1254.44,1656.57,1642.32,1400.02,1302.94,37699,1396.26,F052CCD7F9EAE15B0C2FFFC3FF0E4128,0
964.69,795.37,744.87,587.21,509.09,734.68,923.3,979.85,664.72,590.83,753.62,922.74,881.85,773.46,647.1,559.82,528.81,610.61,728.06,932.85,613.85,560.86,656.64,950.46,874.13,782.72,790.7,20062.9,743.07,710B218E0807D62FB5CA31ABB513877A,0
542.69,418.91,492.36,367.3,428.56,420.8,477.02,469.87,436.54,361.87,436.31,534.5,437.38,462.58,458.49,388.58,329.12,454.37,509.49,546.63,464.35,369.97,469.68,471.19,501.36,571.24,470.82,12292,455.26,C6BFF1120865627D6C840FADE20B485D,0
1612.57,1407.79,1337.3,791.29,897.04,1195.89,1327.7,1460.14,1131.8,1065.18,1271.65,1547.42,1774.06,1205.85,1109.63,913.25,1044.31,1124.23,1476.38,1409.43,1110.29,850.55,1247.54,1573.81,1245.9,1507.85,1360.47,33999.3,1259.23,21481910A4B959B211E7E6569D140A44,0
1161.75,965.32,958.63,742.12,683.6,795.4,902.77,974.36,763.71,802.33,854.71,1208.53,1053.4,1045.08,937.5,765.93,659.47,754.7,953.01,1017.65,829.25,721.83,866.24,1050.01,1085.91,1055.35,816.96,24425.5,904.65,F9B7151D487D45B182CD19DA10C11D48,0
2042.13,618.73,456.76,394.38,1037.68,1224.22,105.55,1937.41,109.7,404.65,471.37,623.16,635.82,1885.12,74.13,458.56,387.33,383.9,504.97,1520.08,448.51,337.92,1380.6,1573.42,605.99,489.64,538.7,20650.4,764.83,CE6F968FC6088B9DA87CF44E7E9E608D,1
1178.86,1092.16,983.37,849.61,797.52,946.51,1082.94,1158.32,882.87,899.92,1027.59,1112.03,1131.14,1016.38,950.52,764.36,762.4,784.93,1053.26,1124.69,843.01,788.21,1108.64,1066.66,1227.82,1100.21,861.78,26595.7,985.03,C74FF3E5B7A12273CCBEBAA261FD40BE,0
388.26,10,421.14,282.15,289.16,359.02,437.28,1158.15,361.26,296.53,1328.42,1225.08,55.21,397.27,333.18,309.96,302.53,346.55,45.92,1506.45,325.99,313.81,1094.14,525.41,48.74,1488.17,360.29,14010.1,518.89,77E15728C617B8871CDDE58E1E0888A2,1
2097.95,1822.32,1596.27,1303.81,1246.97,1380.14,1832.69,1636.02,1253.36,1163.31,1501.48,1829.77,1821.49,1905.27,1416.29,1164.33,1217.18,1324.1,1731.96,1960.24,1433.74,1357.96,1353.67,1594.48,1899.74,1848.47,1357.49,42050.5,1557.43,D572F8B4C14E7C1B55422505075B2681,0
735.7,792.09,650.74,32.14,499.64,1649.57,755.03,729.14,659.96,545.85,655.28,845.68,2134.45,818.98,623.06,509.71,139.69,569.56,877.97,2132.86,10,608.75,643.81,824.16,2224.52,128.73,681.59,21478.7,795.51,3AD943C768E40E8E20C647E4DC872A74,1
1371.72,1374.74,1140.12,2672.23,2672.18,309.69,1359.24,1218.79,1123.15,975.93,1016.12,1286.31,1533.22,101.46,4207.27,1100.25,892.22,1130.83,1552.37,158.85,60.54,3389.03,3319.87,1446.2,1304.89,1414.57,198.56,38330.3,1419.64,3EB9879B7B39547DD86BA98B5F276178,1
2424.61,813.45,627.94,573.76,614.3,2346.17,104.57,788.39,699.13,556.94,736.05,889.82,917.87,762.97,802.97,648.21,587.97,657.1,2918.32,2331.3,23.36,656.91,2055.68,176.97,807.88,944.57,792.6,26259.8,972.59,8AEA8B146CD723A9438CA5A6356FA02D,1
1258.55,1326.98,1093.03,841.6,659.04,950.11,1091.48,1306.57,936.4,955.03,834.33,1122.63,918.72,1258.07,1076.71,949.01,843.55,994.92,1256.29,1329.54,987.46,886.21,1063.25,1166.33,1275.82,1191.88,901.32,28474.8,1054.62,F513CA8150E5EEC16127F6359086A009,0
1154.06,4266.12,40.08,82.47,817.82,986.86,62.26,1288.41,940.92,836.38,967.58,79.03,1437.45,1206.61,902.02,2557.61,81.38,1072.07,1088.77,1092.14,3123.84,981.68,2883.41,1062.58,175.26,1118.58,220.51,30525.9,1130.59,A0D2894670BDC9A971AA61B5068806F1,1
660.21,661.85,599.87,464.22,479.51,550.63,603.6,709.9,505.98,479.48,550.83,724.94,665.28,733.04,588.69,432.92,411.02,578.24,649.16,663.83,506.18,469.64,574.45,620.93,634.16,552.72,568.82,15640.1,579.26,4996B062D99A67649F3115B66626152E,0
1793.68,1701.24,1583.29,1166.08,1387.7,1758.02,1737.81,1912.65,1558.21,1277.93,1537.05,1928.22,1784.91,1927.85,1698.74,1294.5,1279.27,1428.25,1655.81,1869.36,1522.24,1268.73,1635.64,1904.89,2093.24,2004.06,1587.68,44297.1,1640.63,ACF87BBFC9CE3C1E26A9BB6FFE68585D,0
1686.15,1508.81,1106.58,1236.94,886.32,1067.15,1353.97,1738.02,1160.24,1203.58,1308.72,1655.75,1651.28,1610.5,1076.22,1131.66,1041.88,941.91,1445.29,1592.22,1411.53,953.2,1354.07,1525.23,1541.86,1469.39,1259.98,35918.4,1330.31,8A1D8769CAE9625B647A62338974E311,0
1747.2,1643.33,1670.31,1315.81,1230.32,1379.56,1686.84,1730.13,1425.3,1478.34,1486.9,1693.75,1711.38,1733.71,1478.25,1455.71,1114.54,1413.59,1826.5,1714.54,1353.05,1392.08,1488.8,1926.17,1752.86,1807.04,1414.9,42070.9,1558.18,4C26334CE2D9495576389076A589B20B,0
1816.85,1649.76,1528.72,1351.79,1297.44,1320.84,1707.68,1689.27,1517.96,1389.06,1265.79,1987.51,1588.82,1638.44,1387.47,1308.1,1170.75,1497.39,1644.94,1774.95,1304.12,1271.01,1414.67,1814.32,1504.62,1795.74,1532.25,41170.3,1524.82,3E169A344889077C067AD1735B1816A4,0
1327.55,1148.82,1279.96,991.92,949.97,1149.88,1163.47,1212.67,940.26,879.92,1187.6,1312.29,1256.41,1282.21,1027.01,852.4,916.69,1018.01,1156.88,1280.06,1060.42,894.04,1173.7,1451.06,1333.67,1351.7,1102.87,30701.4,1137.09,B509FA8C28C94166914E42224338D5FD,0
1732.83,1981.29,1537.65,1164.31,1275.26,1127.1,1688.75,1615.11,1163.04,1152.26,1702.44,1830.88,1954.25,1975.64,1454.18,1437.28,1301.34,1486.73,1588.56,1669.05,1376.84,1241.31,1611.76,1898.41,2126.78,1845.21,1492.89,42431.2,1571.52,15260AE9AE1C37965CA875CCB43D83F2,0
618.62,476.99,467.05,436.63,272.14,422.89,492.86,481.36,418.1,369.69,392.53,557.96,568.31,457.41,490.32,366.85,360.1,436.68,484.71,519.22,460.97,440.28,448.85,519.48,539.76,494.23,449.78,12443.8,460.88,5124A8A449729B14409C1CF515DB67C2,0
731.02,622.14,627.87,556.79,481.45,524.18,665.47,603.47,524.18,413.52,647.28,708.71,724.29,590.44,627.34,471.8,503.46,519.98,687.94,653.42,549.81,456.92,632.22,654.56,694.49,727.51,517.1,16117.4,596.94,A5AF56C0E3F32989A78CB6BB93B83423,0
385.94,395.88,335.26,304.46,295.88,400.7,420.58,444.04,382.92,327.09,386.49,495.67,487.27,448.67,381.85,310.5,311.22,339.55,479.23,467.53,324.67,297.08,328.55,492.46,472.42,438.43,397.9,10552.2,390.82,0AF5BFF6A1BC6ADADA2D0E187D5F3B77,0
910.91,809.76,918.42,443.99,633.59,773.31,900.45,809.84,683.19,614.02,833.87,918.14,934.58,866.51,828.31,540.66,627.4,698.87,814.84,846.49,594.47,625.6,725.15,877.23,896.72,823.71,734.18,20684.2,766.08,59619025776606AE0E814DB22E5EE74D,0
943.58,38.71,814,1911.68,65.47,2704.85,765.12,975.93,2108.89,664.05,2953.24,947.52,945.2,971.3,771.41,683.71,146.57,125.86,916.4,2583.59,761.61,168.61,765.06,2776.05,931.53,915.53,859.2,29214.7,1082.02,FC6F8643B06612854478735BCF5CA2D9,1
868.77,778.93,715.41,573.79,530.93,546.56,927.18,684.69,621.83,491.23,695.64,836.83,841.41,797.29,622.21,585.47,522.28,628.33,677.84,798.73,621.16,665.69,812.4,802.12,866.87,903.39,710.18,19127.2,708.41,D7CF8FF9E5BFB927A2D07EE9E19D7873,0
1578.93,1692.07,1320.31,1151.07,1163.11,1307.76,1691.1,1678,1256.66,1130.66,1387.76,1690.69,1776.69,1323.81,1371.04,1217.66,1125.02,1336.34,1487.99,1564.85,1110.57,1200.48,1497.43,1734.26,1721.66,1789.69,1472.2,38777.8,1436.22,F92623F219D19ED7E6036D19D10560FC,0
1072.33,980.79,841.83,682.96,621.21,688.43,801.03,1064.33,738.86,676.35,757.63,890.13,1036.07,841.95,830.52,601.84,705.96,668.57,970.76,994.14,782.12,645.87,848.64,884.33,903.92,807.69,851.14,22189.4,821.83,21DBA971232B7E0AB30CBB7C89316011,0
806.11,843.67,712.93,611.63,594.54,679.97,802.02,721.69,568.46,564.6,727.16,715.81,866.99,771.18,744.75,572.33,557.67,575.65,740.99,677.28,605.34,492.84,649.06,863.45,734.09,833.73,677.59,18711.5,693.02,33AC910F04A62B6B9CB68A72C97DFB33,0
154.05,1329.52,1189.42,765.26,764.35,26.44,1045.29,1071.72,2589.53,951.35,962.11,1172.75,1281.1,161.27,1025.31,2385.18,833.73,979.66,126.29,1152.09,1007.93,868.35,198.75,346,1185.45,1118.97,235.98,24927.8,923.25,7CC29E99EEC8B7A8D3B2E36575D9E66B,1
618.81,641.72,507.21,453.8,472.08,464.64,575.39,664.85,428.7,421.27,551.85,583.07,608.55,557.31,576.28,431.01,332.21,543.68,568.85,602.15,420.55,479.28,529.2,561.33,658.72,555.69,495.33,14303.5,529.76,FD2CAA1E387821804A3843A6BCAB61FF,0
1717.32,1519.06,1404.29,1251.97,1042.09,1143.66,1436.29,1631.21,1082.98,1297.49,1346.89,1653.62,1525.63,1882.27,1197.78,1163.39,1057.2,1209.01,1465.78,1825.42,1137.98,1235.42,1403.46,1592.19,1576.09,1460.79,1547.42,37806.7,1400.25,3F3BB5DCE834F545DD4BF93397AD606E,0
592.76,420.11,454.6,370.75,319.24,360.27,507.47,459.37,428.57,397.1,408.01,512.77,499.69,493.55,407.9,271.44,324.71,379.02,493.57,485.78,366.5,319.57,416.97,480.09,474.62,482.29,439.68,11566.4,428.39,8869AD33B13C586CF1626D7D118E551B,0
1964.56,2056.27,1634.1,1215.18,1408.31,1676.48,1757.75,1847.05,1506.63,1286.99,1474.32,1770.9,1814.55,1789.61,1662.54,1398.08,1405.97,1524.91,1620.51,1779.06,1440.71,1350.33,1500.47,1772.62,1812.27,2102.42,1742.44,44315,1641.3,237B7AD0F0E04253A86A95833C5BA257,0
1805.89,1519.31,1444.56,1057.69,1174.45,1345.94,1536.47,1601.85,1214.33,1050.83,1506.74,1756.17,1508.56,1551.96,1543.9,1277.6,1070.52,1379.21,1652.72,1392.62,1256.63,1193.29,1264.15,1435.97,1368.75,1424.9,1376.38,37711.4,1396.72,ABD9B1898569CB15AFE2AB28D3A3DFCD,0
674.07,739.73,512.47,503.59,438.55,570.43,598.74,677.17,507.55,502.79,567.87,651.49,691.9,674.44,610.46,505.54,446.79,575.25,636.97,656.25,503.96,513.65,597.14,793.2,726.4,533.7,630.65,16040.8,594.1,4D4521DC2E0FAD7ED631C38CFEA3529E,0
401.38,334.4,317.11,248.99,251.87,329.68,367.05,399.81,307.36,253.93,331.93,429.53,373.35,389.05,350.25,254.82,258.76,316.81,376.94,388.21,313.51,286.17,307.25,398.96,340.22,385.12,326.6,9039.06,334.78,A4F307725F93FE59F7BA83F60A475FF5,0
1583.28,1521.55,1165.76,1216.33,1062.27,1365.08,1780.16,1480.47,1191.82,1178.48,1440.18,1718.92,1621.17,1394.42,1342.34,1210.53,1175.74,1325.94,1422.61,1605,1315.58,1135.02,1605.57,1632.3,1498.77,1719.59,1320.05,38028.9,1408.48,EC54FDED46C451C4113C89D98A642F2F,0
1411.5,1435.89,1464.84,1013.54,871.02,1118.53,1484.02,1454.73,1164.22,1096.74,1291.57,1415.53,1266.57,1583.63,1320.49,1121,961.58,1152.23,1457.57,1633.18,1161.4,1176.21,996.21,1550.53,1244.84,1318.88,1340.22,34506.7,1278.02,079C399E763B94D740D0C6F30BB0850C,0
1495.07,1474.03,1497.4,1025.62,925.2,1179.28,1444.47,1302.43,1197.91,1161.11,1369.47,1744.16,1553.31,1626.97,1303.18,1100.68,942.81,1227.27,1358.6,1527.15,1068.74,1076.01,1258.85,1592.47,1516.74,1568.13,1408.84,35945.9,1331.33,A796AE27A55ED310387D842E586F88BD,0
1557.41,1476.74,1415.65,1165.7,958.01,1081.15,1417.81,1518.27,1141.07,1094.13,1307.16,1441.04,1593.33,1712.09,1176.76,1096.43,1018.72,977.52,1547.01,1515.38,1271.39,1057.53,1359.98,1735.77,1574.02,1404.95,1249.47,35864.5,1328.31,139F079972EDB84238B14BAEC939A4A6,0
481.08,510.28,393.08,362.4,310.22,386.06,469.14,450.91,361.46,344.26,388.77,542.68,472.46,498.72,454.87,343.19,355.4,379.62,494.89,458.59,453.59,374.35,445.1,475.43,492.29,480.36,408.03,11587.2,429.16,BC53F66136D6AAA3E90E11B46C0F9821,0
907.5,834.75,956.74,638.17,618.91,799.29,890.04,858.99,786.36,610.99,718.77,1025.19,999.27,961.07,865.53,644.2,645.27,744.26,830.8,932.17,744.52,662.19,744.32,979.79,870.04,967.66,792.69,22029.5,815.91,43A6BBAFC7E23D343555782313D13646,0
620.83,542.55,459.59,431.78,380.18,415.83,545.78,603.07,437.18,369,460.56,540.13,613.56,510.77,513.98,417.19,374.51,398.61,479.49,508.98,335.32,406.19,526.77,529.15,517.23,496.67,545.53,12980.4,480.76,77148954C9A9C14363E5034A98AAC273,0
2029.98,1685.72,1444.23,1098.18,1276.19,1445.05,1464.8,1815.42,1252.26,1180.37,1357.41,1929.87,1513.12,1780.9,1473.21,1066.82,1152.76,1377,1799.3,1693.67,1468.32,1221.69,1305.46,1710.02,1800.94,1693.9,1535.48,40572.1,1502.67,16A524F3172DA7DF97F5E2A19C0C2E3C,0
1308.03,1363.86,1167.47,989.64,819.62,1055.64,1324.8,1373.79,1016.9,970.88,1124.76,1335.1,1279.22,1336.34,1064.58,915.11,850.88,1030.82,1238.21,1361.03,989.04,980.65,1100.55,1368.53,1302.34,1437.27,1030.65,31135.7,1153.17,CBCB5D2C5B66145E068C2AF84344BED4,0
2513.85,920.96,794.49,1786.41,639.18,619.82,763.58,795.21,640.72,673.22,847,927.13,850.44,37.61,625.14,707.46,583.32,794.98,851.54,856.26,823.43,578.26,804.87,2548.57,3194.65,904.39,761.08,26843.6,994.21,5B53B44069B16F0D986854C2BC892B21,1
509.68,428.02,435.21,330.26,314.35,342.94,510.44,458.43,374.25,316.88,401.4,499.34,452.37,502.88,419.1,382.92,302.86,423.62,469.06,446.62,379.77,299.33,448.34,493.47,454.51,443.22,405.76,11245,416.48,12FB527DD0C487E14E595A4BD9ECB55E,0
956.57,785.74,710.38,1729.8,2108.44,707.22,827.37,846.39,675.39,65.38,108.15,747.76,864.29,875.01,772.16,643.09,10,629.7,244.76,919.5,653.42,574.15,159.38,818.36,2570.08,901.22,36.23,20939.9,775.55,B87BC35EFE24391D4EE9C065B5DDA55D,1
898.02,841.8,683.81,644.4,555.53,636.17,778.28,916.62,736.02,620.5,740.84,847.53,947.59,941.47,813.16,604.64,615.77,681.99,885.52,839.57,772.92,673,756.32,817.32,885.17,915.29,740.68,20789.9,770,40884F7E5E900A7A23BCA9BBA248F64D,0
1503.44,1651.76,1353.01,916.65,987.27,1185.1,1524.07,1742.06,1197.16,893.11,1366.47,1687.65,1495.85,1331.87,1377.5,903.3,1055.52,1069.2,1488,1285.87,1320.33,1148.26,1444.78,1482.06,1720.11,1250.71,1232.38,35613.5,1319.02,6834798D8A8F201D108B171ECFEAAC05,0
1391.34,1343.66,1218.19,1093.89,857.55,1041.72,1252.28,1373.23,987.68,1018.66,1130.76,1200.44,1162.63,1421.72,1164.62,954.36,1013.21,1118.13,1467.1,1478.3,1159.3,918.57,1290.65,1464.04,1392.19,1423.39,1264.77,32602.4,1207.5,D617CE694D8A47A5E662F1D23CC7D8FF,0
1865.91,1866.76,1592.74,1106.21,1115.75,1387.65,1682.21,1732.03,1338.62,1333.44,1562.74,1920.6,1864.24,1792.96,1631.72,1181.6,1077.83,1433.39,1614.59,1642.34,1607.68,1148.98,1445.61,1693.87,1683.34,1627.85,1194.14,41144.8,1523.88,EA367FE8889757B876E66C70B90692DA,0
1138.02,1089.18,1001.98,729.06,771.86,927.69,1159.4,1056.54,812.65,734.56,933.53,1228.21,1014.96,1062.81,1023.81,862.73,822.53,810.89,1095.62,1058.3,867.42,776.04,1022.55,1164.8,1046.36,1100.36,964.11,26276,973.18,FD6AA24EB65A31CFB0BD0DB7AAC801A4,0
489.05,645.78,470.59,441.18,373.12,495.87,556.24,560.31,366.67,394.34,516.7,526.24,579.33,542.72,471.37,345.61,363.33,475.28,536.39,506.96,441.5,367.93,492.25,591.85,537.26,599.09,540.51,13227.5,489.91,7243F81ADDAD12DBFB7B351B6B582B7D,0
1656.59,1647.76,1318.14,894.4,943.12,1296.79,1426.52,1427.24,1245.98,1020.58,1334.07,1453.27,1536,1232.67,1340.3,1048,972.3,1097.49,1530.86,1238.31,1120.5,1040.16,1276.12,1519.7,1326.81,1381.33,1423.82,34748.8,1286.99,5EBD901535AB4EA82DFBF0B3211DE969,0
1499.23,4215.09,1403.98,1157.7,1069.65,1249.03,1259.35,207.18,1163.31,3851.44,1234.39,1437.34,297.79,161.33,142.93,3022.23,1078.96,1237.51,32.74,4385.67,3332.35,1079.74,1325.98,1433.72,4532.76,1316.57,1309.49,44437.5,1645.83,BF48627E812572988BE82B6C07470005,1
1479.35,1311.5,960.27,777.13,861.14,960.14,1080.97,1310.05,914.31,994.63,1163.92,1243.83,1133.07,1277.26,1117.15,979.2,814.05,1037.42,1237.86,1342.17,942.97,950.5,1221.53,1390.1,1039.48,1363.48,957.27,29860.8,1105.95,BCB1042396E71D07ADB179D324A32019,0
1573.37,1702.58,1436.11,918.99,1049.43,1349.17,1540.46,1447.89,1220.66,964.81,1418.77,1469.83,1679.09,1530.86,1246.11,951.11,1067.69,1342.04,1325.18,1588.57,1290.19,1031.12,1420.63,1613.16,1473.68,1480.95,1556.26,36688.7,1358.84,A0819562D4D224279785E53B61EDA2DB,0
1214.93,1080.89,847.71,912.32,667.64,932.49,1131.14,1010.86,1038.43,769.3,951.45,1120.39,1198.01,1184.68,1017.47,821.6,777.22,883.97,985.1,959.09,840.84,945.85,1095.26,1365.69,1217.31,1197.22,897.42,27064.3,1002.38,C8546CC7B353DC067747ABE99BC17760,0
1232.56,1265.7,979.14,848.64,828,902.4,1086.25,1016.63,837.34,887.58,1047.71,1210.25,1330.9,1002.48,1045.44,888.65,879.38,913.75,1123.41,1118.46,970.78,769.72,970.67,1170.74,1326.43,1208.95,1065.78,27927.7,1034.36,71C54183CC8D3E39CE03EC7BAA2035CF,0
1004.31,1059.01,1030.8,726.08,826.76,970.03,1083.04,919.51,886.91,658.32,848.15,1043.32,1041.21,957.83,862.25,715.96,614.3,781.53,944.35,972.56,787.28,600.44,953.43,995.4,1039.99,1051.13,804.68,24178.6,895.5,9317E85F0A8275B4F8D05BAA6636D80A,0
422.5,420.84,379.62,284.48,283.37,347.72,391.84,415.11,321.25,304.44,337.06,381.09,500.19,390.02,342.92,323.79,283.26,339.57,450.52,474.31,318.52,335.09,341.11,442.48,394.91,403.87,338.45,9968.33,369.2,6C93566ED59A30F20CB7F443F0DEEEBA,0
536.29,571.31,483.59,398.87,315.15,497.38,520.54,467.66,448.35,344.57,475.89,612.5,594.86,590.62,543.32,406.35,348.14,440.07,559.81,543.75,460.21,368.48,525.21,572.26,636.97,481.91,411.08,13155.1,487.23,9C9A9ED2636B7D113B2152FE49A25A08,0
418.34,423.98,392.53,303.03,290.96,374.23,399.65,403.55,395.24,315.29,315.47,433.75,350.4,444.26,315.61,356.02,320.03,319.72,385.52,412.53,362.08,296.73,348.9,480.93,411.21,439.55,349.46,10059,372.55,2B092921372DE6D7303285A238A9B0EB,0
1476.78,1355.18,1376.78,1041.82,903.92,1103.19,1278.02,1416.11,1122.29,954.59,1142.33,1303.84,1581.99,1349.25,1216.22,899.84,744.33,1048.57,1182.81,1262.44,1207.37,929.91,1173.66,1243.65,1420.3,1240.87,1109.75,32085.8,1188.36,12CA40FCFF4359B50FECE107142E1A3B,0
905.54,902.3,864.03,615.08,571.63,645.82,741.4,876.95,697.41,530.75,649.22,958.6,826.38,865.62,821.92,650.01,475.92,641.49,902.57,907.09,765.18,581.73,763.2,931.91,972.96,994.45,737.05,20796.2,770.23,C7FA514DD99A9020362274914097CB34,0
1117.77,1324.68,874.78,829.1,832.26,908.52,966.49,1089.56,1026.73,895.59,1063.73,1071.33,1085.47,1280.61,730.01,752.58,792.59,858.95,1237.4,1092.64,977.08,769.04,1064.13,1239.26,1141.56,1189.78,971.46,27183.1,1006.78,FA1FB151B28A27C8729BAD6F4D1C1F77,0
1935.76,1771.24,1380.02,1213.81,1310.91,1364.42,1879.53,1971.06,1514.07,1176.7,1656.35,1570.49,1881.47,1712.71,1625.06,1088.61,1287.11,1196.84,1374.29,1729.37,1197.89,1150.48,1768.61,1785.27,1715.93,1655.69,1351.78,41265.5,1528.35,3F31486E69BE1B7D498815E99BD9AABC,0
798.04,721.75,574,536.78,537.13,540.94,670.26,862.36,560.83,504.28,613.51,858.19,670.59,670.21,647.45,451.42,540.78,588.08,724.32,710.64,686.75,542.03,635.23,800,744.39,712.31,631.44,17533.7,649.4,6AE79B6497C372BF0AE68B27195F3622,0
1097.19,829.77,819.61,730.78,666.42,833.69,875.53,992.65,811.13,724.66,901.58,1186.08,972.88,1076.73,889.56,743.93,630.43,684.55,931.79,870.32,850.66,690.28,951.12,1115.04,1104.5,983.21,972.62,23936.7,886.54,E4BD948DC1B58FF9186E93C97B4FA1BD,0
1647.67,1744.99,1333.16,937.42,1118.03,1357.96,1198.54,1210.46,1040.87,1185.79,1422.8,1510.67,1764.06,1530.27,1293,1102,1149.27,1161.98,1523.19,1388.14,1132.73,1149.45,1536.54,1678.13,1701.7,1479.43,1468.38,36766.6,1361.73,B40392BC9191D95AFC8F083860257B2A,0
697.39,703.08,644.25,461.33,430.01,560.85,654.23,769.13,549.73,475.08,677.65,744.18,780.16,772.99,686.39,497.29,440.26,546.4,796.63,689.36,608.06,537.07,640.4,678.63,748.94,782.37,655.06,17226.9,638.03,94DD2FC581C37583966B8A9D85B3DD4E,0
487.23,511.46,378.77,374.14,314.42,460.3,421.02,400.46,402.24,354.88,439.02,463.3,543.24,488.72,444.16,303.04,368.41,425.4,452.62,480.15,359.82,326.94,412.62,543.56,586.94,497.79,454.51,11695.2,433.15,ED14AD8CAB77EA56631C0499A117D533,0
892.35,933.07,606.04,590.9,523.92,566.99,879.34,905.23,616.5,602.93,754.32,842.38,797.76,755.3,719.98,550.73,502.13,595.11,649.11,795.41,679.75,587.99,613.86,837.65,844.16,762.24,829.93,19235.1,712.41,FD9604A82DC97F10C5970987A485E6D8,0
672.84,628.07,509.61,437.59,418.41,535.09,640,670.31,504.26,468.75,514.62,617.1,562.56,636.72,503.78,444.27,407.64,463.42,619.59,612.45,441.51,429.28,624.6,645.25,707.83,710.13,567.62,14993.3,555.31,4994A94B38D79198F73467EDAE8A2C16,0
1837.25,1741.99,1671.34,1275.95,1252.07,1604.94,1605.25,2020.71,1414.12,1292.06,1567.56,1825.3,1944.39,1770.99,1791.69,1354.92,1264.83,1372.43,1887.67,1700.37,1324.11,1173,1526.75,1851.11,1776.73,1776.53,1637.45,43261.5,1602.28,D84BB04B81222C967FEF42B0E46DD0CC,0
1666.16,1767.44,1518.55,1174.54,1061.95,1249.01,1798.25,1620.22,1324.23,1109.21,1344.52,1704.71,1773.51,1610.66,1397.82,1141.25,952.68,1210.81,1486.66,1758.48,1341.85,1205.79,1284.83,1630.82,1958.84,1684.8,1221.89,38999.5,1444.43,3822159858A53C9F11C730ECE20F6022,0
1518.96,1373.94,1325.22,912.87,835.76,1044.3,1372.01,1286.79,1024.11,890.91,1097.64,1257.04,1475.67,1496.47,1379.7,973.31,1006.96,1176.2,1200.35,1425.59,1151.07,944.81,1039.37,1509.49,1551.21,1260.62,1062.29,32592.7,1207.14,38ADCE0A2FAC794F6DC5A299BD3C94F6,0
1666.68,1761.06,1476.5,1135.76,1233.1,1458.01,1572.93,1621.62,1244.53,1219.52,1484.6,1698.84,1778.74,1534.33,1708.6,1174.73,1111.13,1223.17,1558.41,1664.01,1380.79,1171.69,1361.52,1737.76,1731.56,1731.05,1476.45,39917.1,1478.41,8752032CAD10722D547BD17C6FD7E7AE,0
1715.68,1387.92,1483,1155.8,1054.5,1315.59,1213.91,1511.44,1413.93,1040.36,1429.52,1406.54,1516.56,1616.66,1192.98,1297.21,1086.55,1226.03,1620.49,1612.66,1235.46,1060.08,1493.18,1496.51,1832.37,1619.85,1301.01,37335.8,1382.81,A2DE7273CDA5210D5E1EC7A5061980DF,0
670.03,718.03,622.83,434.59,448.94,440.17,743.87,706.25,503.11,361.3,629.91,661.7,813.86,611.94,546.07,433.08,486.7,537.8,605.8,635.36,435.25,432.72,625.04,659.6,756.45,555.86,530.26,15606.5,578.02,A1F016CA05152C1A6C737E8A99FF9AC0,0
1751.35,1765.33,1448.23,1274.26,1216.79,1278.56,1462.38,1811.49,1443.46,1277.06,1540.17,1769.07,1850.8,1358.66,1383.06,1164.94,1091.46,1467.72,1688.56,1323.98,1348.14,1430.29,1586.86,1807.87,2003.84,1990.15,1401.7,40936.2,1516.15,D80D21D74F4C278BA692E8FAC9D2CAF3,0
1339.61,1054.09,1074.26,736.37,807.63,946.18,987.03,1195.4,1055.97,914.14,1095.44,1253.93,1214.24,1179.37,1037.91,818.91,873.46,918.4,1139.18,1185.95,987.64,875.28,1052.96,1352.46,986.87,1306.26,923.27,28312.2,1048.6,FFF04B7FF868E531C8AB329A978F34FE,0
1758.54,1647.72,1469.38,1236.06,1082.32,1129.89,1647.28,1494.52,1285.44,926.15,1468.77,1681.23,1627.25,1590.1,1416.72,1191.62,1220.15,1074.22,1513.53,1624.94,1236.77,1042.35,1256.74,1729.2,1744.54,1535.76,1307.45,37938.6,1405.13,A17F83B9E31E60B4A276C209772DDF87,0
1904.26,1435.48,1402.81,1284.58,1265.38,1323.14,1972.49,2080.74,1281.1,1137.79,1838.11,1917.19,1809.3,1804.89,1540.67,1134.91,1107.7,1358.79,1742.96,1497.35,1372.83,1266.28,1424.5,1666.25,1865.47,1567.54,1553.92,41556.4,1539.13,94323A71320E5521469A2570DBA07B43,0
978.62,1011.63,848.25,626,586.38,608.28,908.5,914.19,671.86,643.83,641.19,776.94,961.9,837.17,812.99,620.1,642.83,755.32,786.6,886.04,671.48,665.56,683.38,1062.25,919.47,875.69,857.5,21254,787.18,52E5E104B674F03596EDA1EA5A251A2A,0
562.62,492.47,473.79,419.42,392.6,419.27,541.86,471.04,467.23,452.86,449.11,494.89,570.2,475.74,532.05,393.98,315.53,441.81,500.61,527.95,420.94,394.07,497.05,573.58,571.49,543.82,505.57,12901.5,477.84,CC7639095603E6A12EF34CFA278F1D97,0
786.25,809.34,635.26,584.94,508.73,558.08,720.97,687.29,582.98,517.03,705.27,777.13,796.78,669.73,679.7,487.5,502.69,584.37,732.14,736.28,577,572.91,577.21,821.65,760.36,737.3,662.98,17771.9,658.22,E26551AE3DE01B54228A0E287FA2045D,0
1030.07,949.61,826.05,790.62,802.09,835.39,1041.6,1091.37,734.19,688.69,868.61,883.99,1069.08,1122.67,853.67,750.58,622.77,743.43,898.05,995.32,794.8,641.02,842.71,1043.47,1164.72,1031.23,777.7,23893.5,884.94,B99441A5A28FAEC66F019947B46720E7,0
1709.31,1673.82,1321.88,983.59,1125.06,1272.21,1631.32,1499.55,1342.79,1136.58,1509.69,1690.54,1651.13,1494.8,1321.58,1060.46,1171.52,1162.1,1429.65,1762.35,1429.6,969.71,1389.09,1737.2,1738.01,1666.91,1423.24,38303.7,1418.66,2841B6456A20A0C7BCEC91078DB7DD80,0
1714.7,1544.52,1208.53,1076.79,1190.77,1386.49,1635.44,1712.96,1414.94,1331.54,1493.15,1569.13,1821.63,1877.12,1466.49,1092.39,1210.94,1334.8,1438.19,1696.25,1097.61,1224.59,1270.31,1849.11,1762.81,1859.01,1458.31,39738.5,1471.8,1293F5817691992E05C9BF309FA943E9,0
403.95,416.17,340.67,263.63,285.19,317.8,373.09,414.74,299.58,263.17,396.3,451.28,420.19,417.8,350.74,279.72,305.65,273.16,395.14,416.33,294.88,283.64,340.44,439.91,437.38,402.94,347.06,9630.55,356.69,A9A76FF7F1CC2FEBA5810514F1FC6DF6,0
1243.28,1119.64,1205.49,823.32,779.91,988.22,1089.99,831.8,957.47,769.08,914.77,1210.55,1170.66,1112.11,989.47,712.52,864.19,969.96,1086.26,1240.15,849.34,602.11,995.58,1287.16,1226.46,1045.3,975.21,27060,1002.22,B6D266B92E1DEFE4A0160E45BE4FBECD,0
